Название,Цена,Описание
A Light in the Attic,51.77,Описание отсутствует
Tipping the Velvet,53.74,Описание отсутствует
Soumission,50.1,Описание отсутствует
Sharp Objects,47.82,Описание отсутствует
Sapiens: A Brief History of Humankind,54.23,Описание отсутствует
The Requiem Red,22.65,Описание отсутствует
The Dirty Little Secrets of Getting Your Dream Job,33.34,Описание отсутствует
"The Coming Woman: A Novel Based on the Life of the Infamous Feminist, Victoria Woodhull",17.93,Описание отсутствует
The Boys in the Boat: Nine Americans and Their Epic Quest for Gold at the 1936 Berlin Olympics,22.6,Описание отсутствует
The Black Maria,52.15,Описание отсутствует
"Starving Hearts (Triangular Trade Trilogy, #1)",13.99,Описание отсутствует
Shakespeare's Sonnets,20.66,Описание отсутствует
Set Me Free,17.46,Описание отсутствует
Scott Pilgrim's Precious Little Life (Scott Pilgrim #1),52.29,Описание отсутствует
Rip it Up and Start Again,35.02,Описание отсутствует
"Our Band Could Be Your Life: Scenes from the American Indie Underground, 1981-1991",57.25,Описание отсутствует
Olio,23.88,Описание отсутствует
Mesaerion: The Best Science Fiction Stories 1800-1849,37.59,Описание отсутствует
Libertarianism for Beginners,51.33,Описание отсутствует
It's Only the Himalayas,45.17,Описание отсутствует
